{
  "version": 1,
  "author": "Anonymous maker",
  "editor": "wokwi",
  "parts": [
    { "type": "wokwi-arduino-uno", "id": "uno", "top": 0.6, "left": -0.6, "attrs": {} },
    { "type": "wokwi-microphone", "id": "mic", "top": 136.62, "left": 321.39, "attrs": {} },
    {
      "type": "wokwi-rgb-led",
      "id": "rgb1",
      "top": -63.2,
      "left": 125.9,
      "attrs": { "common": "cathode" }
    }
  ],
  "connections": [
    [ "uno:A0", "mic:1", "blue", [ "v0" ] ],
    [ "uno:GND.3", "mic:2", "black", [ "v29", "h149" ] ],
    [ "uno:GND.1", "rgb1:COM", "black", [ "v0" ] ],
    [ "rgb1:R", "uno:11", "red", [ "v0" ] ],
    [ "rgb1:G", "uno:10", "red", [ "v0" ] ],
    [ "rgb1:B", "uno:9", "red", [ "v0" ] ]
  ],
  "serialMonitor": { "display": "plotter" },
  "dependencies": {}
}